user_id,username,department
1,jdoe_1,HR
2,b_wilson_2,Sales
3,a_hernandez_3,Sales
4,amith_k_4,Engineering
5,rkumar_5,Customer Success
6,a_hernandez_6,Finance
7,a_hernandez_7,Unknown
8,k_davis_8,IT support
9,jdoe_9,Marketing
10,d_jones_10,HR
11,d_jones_11,Sales
12,josé.m_12,Operations
13,jean-luc,HR
14,k_davis_14,Legal
15,t_turner_15,IT support
16,amith_k,IT support
17,sarah.m_17,Engineering
18,t_turner_18,Sales
19,josé.m,Legal
20,l_garcia_20,Marketing
21,elena_v_21,HR
22,sarah.m_22,Unknown
23,alex_p_23,Customer Success
24,alex_p_24,Unknown
25,m_smith_25,Customer Success
26,d_jones_26,Engineering
27,amith_k_27,Operations
28,sarah.m_28,Finance
29,sarah.m,Operations
30,g_rodriguez_30,Legal
31,sarah.m,Product
32,b_wilson_32,Finance
33,a_hernandez_33,Unknown
34,m_lopez_34,Legal
35,amith_k,Operations
36,b_wilson_36,Customer Success
37,amith_k_37,Sales
38,alex_p_38,Legal
39,c_brown_39,Legal
40,k_davis_40,Customer Success
41,a_hernandez_41,Engineering
42,josé.m_42,Customer Success
43,d_jones_43,HR
44,k_davis_44,Engineering
45,m_smith_45,Engineering
46,sarah.m,HR
47,jean-luc,IT support
48,l_garcia_48,Marketing
49,j_martinez_49,Engineering
50,g_rodriguez_50,Engineering
51,l_garcia_51,HR
52,rkumar_52,IT support
53,sarah.m_53,IT support
54,a_hernandez_54,Engineering
55,a_hernandez_55,Marketing
56,k_gonzalez_56,Legal
57,a_hernandez_57,Engineering
58,l_garcia_58,Product
59,amith_k,Sales
60,sarah.m_60,Operations
61,a_hernandez_61,Finance
62,jdoe_62,Sales
63,amith_k_63,Unknown
64,amith_k_64,Operations
65,rkumar_65,HR
66,elena_v_66,Customer Success
67,m_lopez_67,IT support
68,g_rodriguez_68,Legal
69,josé.m_69,Legal
70,m_miller_70,Product
71,josé.m,Sales
72,d_jones_72,Sales
73,elena_v_73,Customer Success
74,m_miller_74,Marketing
75,rkumar_75,Sales
76,a_hernandez_76,Sales
77,a_hernandez_77,Engineering
78,rkumar_78,Engineering
79,elena_v_79,Legal
80,jdoe,Legal
81,c_brown_81,HR
82,amith_k,HR
83,a_hernandez_83,Product
84,t_turner_84,Finance
85,m_lopez_85,HR
86,m_lopez_86,Product
87,j_martinez_87,Marketing
88,j_martinez_88,Sales
89,josé.m,IT support
90,rkumar_90,Legal
91,m_lopez_91,Finance
92,amith_k_92,IT support
93,m_lopez_93,IT support
94,m_smith_94,Finance
95,d_jones_95,Finance
96,b_wilson_96,HR
97,sarah.m_97,Engineering
98,m_lopez_98,Sales
99,elena_v_99,Customer Success
100,l_garcia_100,Sales
101,renee·b,HR
102,a_hernandez_102,HR
103,j_martinez_103,Engineering
104,a_hernandez_104,HR
105,josé.m_105,Engineering
106,josé.m_106,Customer Success
107,t_turner_107,IT support
108,d_jones_108,Finance
109,m_smith_109,Customer Success
110,amith_k_110,Sales
111,m_smith_111,Engineering
112,b_wilson_112,HR
113,k_davis_113,Customer Success
114,a_hernandez_114,Unknown
115,sarah.m_115,Marketing
116,l_garcia_116,IT support
117,m_miller_117,Marketing
118,l_garcia_118,Engineering
119,jdoe,Finance
120,l_garcia_120,Customer Success
122,rkumar_122,Unknown
123,müller_a,Legal
124,d_jones_124,Legal
125,rkumar_125,Marketing
126,josé.m_126,Engineering
127,müller_a,Finance
128,k_davis_128,HR
129,rkumar_129,Engineering
130,c_brown_130,Operations
131,sarah.m_131,HR
132,j_martinez_132,Legal
133,a_hernandez_133,Operations
134,josé.m_134,Marketing
135,m_smith_135,Engineering
136,m_miller_136,Operations
137,d_jones_137,Unknown
138,j_martinez_138,Sales
139,m_lopez_139,Finance
140,m_miller_140,Engineering
141,a_hernandez_141,Finance
142,sarah.m_142,Operations
143,josé.m_143,HR
144,m_miller_144,Operations
145,t_turner_145,Customer Success
146,m_miller_146,Legal
147,alex_p_147,IT support
148,c_brown_148,Customer Success
150,m_lopez_150,IT support
151,k_davis_151,Product
152,elena_v_152,Customer Success
153,alex_p_153,Sales
154,k_gonzalez_154,Operations
155,rkumar_155,HR
156,elena_v_156,Marketing
157,rkumar_157,Product
158,sarah.m_158,Product
159,m_lopez_159,Finance
160,c_brown_160,Unknown
161,rkumar_161,Marketing
162,jdoe_162,Sales
163,rkumar_163,Customer Success
164,a_hernandez_164,Finance
165,jdoe,Product
166,k_davis_166,Customer Success
167,alexandrina.victoria.regina_longestname_admin,IT support
168,k_davis_168,IT support
169,j_martinez_169,Customer Success
170,alex_p_170,Product
171,rkumar_171,HR
172,j_martinez_172,Finance
173,sarah.m_173,HR
174,d_jones_174,Operations
175,jdoe,Marketing
176,c_brown_176,Marketing
177,sarah.m_177,Unknown
178,d_jones_178,Customer Success
179,amith_k_179,Finance
180,chlöe.s,IT support
181,jdoe_181,IT support
182,l_garcia_182,HR
183,m_miller_183,Product
184,m_miller_184,Product
185,d_jones_185,Legal
186,k_davis_186,Unknown
187,sarah.m,Customer Success
188,c_brown_188,IT support
189,jdoe_189,Sales
190,b_wilson_190,Product
191,m_smith_191,Legal
192,k_davis_192,Operations
193,c_brown_193,HR
194,m_miller_194,Sales
195,a_hernandez_195,Engineering
196,alexandrina.victoria.regina_longestname_admin,Operations
197,sarah.m_197,Engineering
198,rkumar_198,Engineering
199,rkumar_199,Marketing
200,josé.m_200,IT support
201,k_davis_201,Marketing
202,k_gonzalez_202,Sales
203,alex_p_203,Sales
204,t_turner_204,IT support
205,c_brown_205,Legal
206,elena_v_206,HR
207,rkumar_207,Sales
208,t_turner_208,IT support
209,m_lopez_209,Operations
210,l_garcia_210,Sales
211,d_jones_211,Engineering
212,chlöe.s,Sales
213,l_garcia_213,Product
214,m_miller_214,Unknown
215,j_martinez_215,HR
216,a_hernandez_216,Product
217,m_lopez_217,HR
218,rkumar_218,Sales
219,k_davis_219,Finance
220,m_lopez_220,Operations
221,d_jones_221,Marketing
222,l_garcia_222,HR
223,k_gonzalez_223,HR
224,j_martinez_224,Finance
225,m_miller_225,Product
226,rkumar_226,Product
227,g_rodriguez_227,Product
228,sarah.m_228,Finance
229,rkumar_229,HR
230,l_garcia_230,Product
231,l_garcia_231,Legal
232,alexandrina.victoria.regina_longestname_admin,Customer Success
233,k_davis_233,HR
234,rkumar_234,Sales
235,d_jones_235,Unknown
236,a_hernandez_236,Marketing
237,g_rodriguez_237,HR
238,j_martinez_238,Unknown
239,josé.m_239,Finance
240,l_garcia_240,Marketing
241,a_hernandez_241,Marketing
242,amith_k_242,Customer Success
243,b_wilson_243,Product
244,jdoe_244,IT support
245,g_rodriguez_245,Product
246,amith_k_246,HR
247,g_rodriguez_247,HR
248,sarah.m_248,IT support
249,amith_k_249,Marketing
250,m_lopez_250,HR
251,rkumar_251,Sales
252,m_miller_252,IT support
253,k_gonzalez_253,Finance
254,c_brown_254,Product
255,m_lopez_255,Legal
256,k_gonzalez_256,Engineering
257,josé.m_257,Finance
258,m_smith_258,Sales
259,alex_p_259,Customer Success
260,jdoe_260,Legal
261,k_gonzalez_261,Product
262,rkumar_262,HR
263,k_davis_263,Unknown
264,rkumar_264,HR
265,m_lopez_265,Legal
266,rkumar_266,Marketing
267,jdoe,Sales
268,t_turner_268,IT support
269,m_lopez_269,Unknown
271,t_turner_271,Legal
272,j_martinez_272,IT support
273,amith_k_273,Legal
274,k_gonzalez_274,Unknown
275,sarah.m_275,Finance
276,m_lopez_276,HR
277,alex_p_277,Product
278,k_davis_278,HR
279,m_lopez_279,Legal
280,g_rodriguez_280,Sales
281,m_miller_281,Operations
282,josé.m_282,Marketing
283,g_rodriguez_283,HR
284,c_brown_284,Customer Success
285,sarah.m_285,Operations
286,josé.m_286,Legal
287,josé.m,Customer Success
288,amith_k_288,Finance
289,k_gonzalez_289,Product
290,amith_k_290,Finance
291,b_wilson_291,HR
292,g_rodriguez_292,Sales
293,k_gonzalez_293,Finance
294,t_turner_294,Unknown
295,a_hernandez_295,Legal
296,josé.m_296,Product
297,b_wilson_297,IT support
298,m_smith_298,Legal
299,chlöe.s,Finance
300,b_wilson_300,Legal
301,k_gonzalez_301,Customer Success
302,b_wilson_302,Unknown
303,renee·b,Legal
304,j_martinez_304,HR
305,t_turner_305,IT support
306,g_rodriguez_306,Marketing
307,g_rodriguez_307,Operations
308,a_hernandez_308,Legal
309,d_jones_309,Finance
310,alexandrina.victoria.regina_longestname_admin,Finance
311,rkumar_311,Legal
312,g_rodriguez_312,Legal
313,b_wilson_313,Product
314,b_wilson_314,Marketing
316,k_davis_316,Engineering
317,m_miller_317,Unknown
318,müller_a,Sales
319,m_smith_319,Operations
320,c_brown_320,Sales
321,jean-luc,Legal
322,g_rodriguez_322,HR
323,t_turner_323,Finance
324,m_miller_324,Unknown
325,josé.m_325,IT support
326,jdoe_326,Engineering
327,amith_k_327,HR
328,m_miller_328,Marketing
329,m_miller_329,IT support
330,alex_p_330,Marketing
331,k_gonzalez_331,Legal
332,rkumar_332,Product
334,m_smith_334,Product
335,jdoe_335,Product
337,k_davis_337,Operations
338,alexandrina.victoria.regina_longestname_admin,HR
339,m_miller_339,HR
340,t_turner_340,Finance
341,alexandrina.victoria.regina_longestname_admin,Product
342,c_brown_342,IT support
343,t_turner_343,HR
344,c_brown_344,HR
345,amith_k_345,IT support
346,t_turner_346,Unknown
347,rkumar_347,Finance
348,k_gonzalez_348,HR
349,b_wilson_349,Sales
350,sarah.m,Engineering
351,k_davis_351,Engineering
352,b_wilson_352,Sales
353,amith_k,Legal
354,b_wilson_354,Customer Success
355,renee·b,Customer Success
356,m_smith_356,Marketing
357,g_rodriguez_357,HR
358,d_jones_358,Unknown
359,k_davis_359,Marketing
360,rkumar_360,Customer Success
361,c_brown_361,Engineering
362,josé.m_362,Product
363,m_smith_363,IT support
364,l_garcia_364,Sales
365,g_rodriguez_365,Engineering
366,a_hernandez_366,Operations
368,k_davis_368,HR
369,josé.m_369,Marketing
370,amith_k_370,HR
371,alexandrina.victoria.regina_longestname_admin,Sales
372,a_hernandez_372,Marketing
373,l_garcia_373,Customer Success
374,b_wilson_374,Legal
375,g_rodriguez_375,IT support
376,m_smith_376,Engineering
377,elena_v_377,Product
378,rkumar_378,Operations
379,l_garcia_379,Customer Success
381,m_smith_381,Finance
382,k_davis_382,HR
383,k_gonzalez_383,Engineering
384,d_jones_384,Finance
386,a_hernandez_386,Finance
387,rkumar_387,Operations
388,k_gonzalez_388,HR
389,müller_a,Marketing
390,alex_p_390,Sales
391,jdoe_391,Marketing
392,rkumar_392,IT support
393,alex_p_393,HR
394,m_miller_394,Customer Success
395,sarah.m_395,Product
396,l_garcia_396,Customer Success
397,k_davis_397,Customer Success
398,k_gonzalez_398,Engineering
399,j_martinez_399,Unknown
400,jdoe_400,Engineering
401,alexandrina.victoria.regina_longestname_admin,Legal
402,josé.m_402,Product
403,k_davis_403,Unknown
404,sarah.m_404,Operations
405,sarah.m_405,Marketing
406,m_lopez_406,Customer Success
407,c_brown_407,Unknown
409,j_martinez_409,IT support
410,josé.m_410,Customer Success
411,elena_v_411,Unknown
412,rkumar_412,Legal
413,k_davis_413,Legal
414,josé.m_414,Operations
415,m_smith_415,Operations
416,g_rodriguez_416,HR
418,l_garcia_418,Marketing
419,m_lopez_419,Customer Success
420,josé.m_420,Legal
421,m_miller_421,Engineering
422,k_gonzalez_422,Marketing
423,j_martinez_423,Finance
424,g_rodriguez_424,Finance
426,m_smith_426,IT support
427,m_miller_427,Customer Success
428,k_gonzalez_428,HR
430,m_smith_430,HR
431,amith_k,Engineering
432,b_wilson_432,IT support
433,sarah.m_433,Marketing
434,jdoe_434,Unknown
435,j_martinez_435,Finance
436,k_davis_436,Operations
437,t_turner_437,Operations
438,m_lopez_438,Engineering
439,k_gonzalez_439,Engineering
440,m_smith_440,Product
441,g_rodriguez_441,IT support
442,m_smith_442,Finance
443,josé.m_443,Legal
444,m_lopez_444,Product
445,t_turner_445,Engineering
446,k_gonzalez_446,Engineering
447,t_turner_447,Finance
448,m_smith_448,Operations
449,g_rodriguez_449,Legal
450,c_brown_450,Customer Success
451,j_martinez_451,Unknown
452,l_garcia_452,Sales
453,amith_k_453,Legal
454,sarah.m_454,Operations
455,m_lopez_455,Legal
456,m_miller_456,Unknown
457,c_brown_457,Engineering
458,alex_p_458,IT support
459,josé.m_459,Finance
460,c_brown_460,Customer Success
461,t_turner_461,Operations
462,alex_p_462,Sales
463,josé.m_463,Customer Success
464,l_garcia_464,Operations
465,b_wilson_465,Unknown
466,b_wilson_466,HR
467,k_gonzalez_467,Marketing
468,sarah.m_468,Product
469,m_lopez_469,IT support
470,m_lopez_470,IT support
471,d_jones_471,Marketing
472,g_rodriguez_472,Product
473,m_smith_473,IT support
474,j_martinez_474,Sales
475,k_davis_475,Engineering
476,t_turner_476,Sales
477,sarah.m_477,IT support
478,c_brown_478,Product
479,amith_k_479,Product
480,sarah.m,Finance
481,g_rodriguez_481,Customer Success
482,amith_k_482,Product
483,d_jones_483,Sales
484,alex_p_484,Engineering
485,k_davis_485,Product
486,k_gonzalez_486,Marketing
487,t_turner_487,Legal
488,d_jones_488,IT support
489,d_jones_489,Sales
490,a_hernandez_490,Legal
491,k_gonzalez_491,Marketing
492,m_lopez_492,Marketing
494,sarah.m_494,HR
495,d_jones_495,Marketing
496,j_martinez_496,Sales
497,m_miller_497,Customer Success
498,l_garcia_498,HR
499,elena_v_499,Operations
500,g_rodriguez_500,Engineering
501,alexandrina.victoria.regina_longestname_admin,Marketing
502,josé.m_502,Customer Success
503,j_martinez_503,Operations
504,jean-luc,Marketing
505,b_wilson_505,Marketing
506,k_gonzalez_506,Marketing
507,amith_k_507,Unknown
508,rkumar_508,Product
509,k_davis_509,Finance
510,t_turner_510,Product
511,jdoe,Operations
512,m_lopez_512,Product
513,t_turner_513,Legal
514,m_miller_514,Marketing
515,k_gonzalez_515,HR
516,g_rodriguez_516,Operations
517,josé.m_517,Customer Success
518,renee·b,Sales
519,m_smith_519,Customer Success
520,m_miller_520,Sales
521,rkumar_521,IT support
522,m_miller_522,HR
523,rkumar_523,Legal
525,d_jones_525,Sales
526,renee·b,Marketing
527,t_turner_527,Product
528,b_wilson_528,Product
529,jdoe_529,Sales
530,elena_v_530,Marketing
531,k_gonzalez_531,Customer Success
532,t_turner_532,Finance
533,amith_k_533,Finance
534,k_gonzalez_534,Product
535,g_rodriguez_535,IT support
536,j_martinez_536,IT support
537,b_wilson_537,HR
538,k_gonzalez_538,Operations
539,m_miller_539,Marketing
540,sarah.m_540,Customer Success
541,sarah.m_541,HR
544,l_garcia_544,Unknown
545,l_garcia_545,Sales
546,d_jones_546,Engineering
547,d_jones_547,Marketing
548,chlöe.s,Product
549,b_wilson_549,Sales
550,k_davis_550,Unknown
551,elena_v_551,Engineering
552,amith_k_552,HR
553,a_hernandez_553,Product
554,elena_v_554,HR
555,amith_k_555,Operations
556,l_garcia_556,Legal
559,g_rodriguez_559,IT support
561,m_miller_561,Legal
562,alex_p_562,Customer Success
563,josé.m_563,Sales
564,t_turner_564,HR
565,m_miller_565,Marketing
566,l_garcia_566,Product
567,l_garcia_567,IT support
569,amith_k_569,Sales
570,c_brown_570,Operations
571,alex_p_571,Engineering
572,k_gonzalez_572,Product
573,sarah.m_573,Finance
574,l_garcia_574,Legal
575,amith_k_575,Engineering
576,l_garcia_576,IT support
577,j_martinez_577,Operations
578,m_smith_578,Finance
579,jdoe_579,Engineering
580,a_hernandez_580,Sales
581,m_smith_581,Product
582,k_gonzalez_582,HR
583,g_rodriguez_583,Finance
584,sarah.m_584,Product
585,k_davis_585,Sales
586,d_jones_586,Sales
587,t_turner_587,HR
588,müller_a,Operations
589,josé.m_589,Finance
590,rkumar_590,Engineering
591,m_lopez_591,Operations
592,a_hernandez_592,Marketing
593,sarah.m_593,Sales
594,g_rodriguez_594,Customer Success
595,m_miller_595,IT support
596,d_jones_596,Sales
597,j_martinez_597,Operations
598,a_hernandez_598,IT support
599,b_wilson_599,Legal
600,amith_k_600,Sales
601,t_turner_601,Marketing
602,rkumar_602,Operations
603,j_martinez_603,Marketing
604,a_hernandez_604,HR
605,t_turner_605,IT support
606,j_martinez_606,Marketing
607,m_lopez_607,Marketing
608,k_gonzalez_608,IT support
609,m_lopez_609,Engineering
610,jdoe_610,Engineering
611,m_lopez_611,Marketing
612,m_miller_612,Product
614,t_turner_614,Product
615,c_brown_615,HR
616,amith_k_616,Marketing
617,g_rodriguez_617,Product
618,k_gonzalez_618,Marketing
619,d_jones_619,Operations
620,b_wilson_620,Marketing
621,k_davis_621,Sales
622,rkumar_622,Marketing
623,t_turner_623,Legal
625,alex_p_625,Marketing
626,alex_p_626,Product
628,t_turner_628,Product
629,c_brown_629,Customer Success
630,rkumar_630,Finance
631,amith_k_631,Engineering
632,k_gonzalez_632,Product
633,jdoe_633,Sales
634,m_smith_634,Operations
635,l_garcia_635,Legal
636,a_hernandez_636,Finance
637,t_turner_637,Sales
638,k_davis_638,Customer Success
639,k_gonzalez_639,IT support
640,josé.m_640,Legal
641,d_jones_641,Customer Success
642,b_wilson_642,Engineering
643,j_martinez_643,Engineering
644,b_wilson_644,Operations
645,j_martinez_645,Marketing
646,j_martinez_646,Marketing
647,k_gonzalez_647,Operations
648,k_gonzalez_648,HR
649,j_martinez_649,Customer Success
650,m_lopez_650,HR
651,jdoe_651,Operations
652,josé.m_652,Legal
653,jdoe_653,IT support
654,m_lopez_654,IT support
655,amith_k_655,IT support
656,j_martinez_656,IT support
657,c_brown_657,Finance
658,josé.m_658,Finance
659,d_jones_659,Legal
660,elena_v_660,Legal
661,k_gonzalez_661,Product
662,josé.m,Marketing
663,a_hernandez_663,Operations
665,d_jones_665,Marketing
666,a_hernandez_666,Operations
667,m_smith_667,IT support
668,rkumar_668,HR
669,rkumar_669,HR
670,elena_v_670,Operations
671,a_hernandez_671,HR
672,m_lopez_672,Customer Success
673,c_brown_673,Operations
674,b_wilson_674,Marketing
675,sarah.m_675,Operations
677,elena_v_677,Unknown
678,a_hernandez_678,HR
679,m_smith_679,Engineering
680,m_lopez_680,Finance
681,j_martinez_681,Finance
682,amith_k_682,Sales
683,g_rodriguez_683,Sales
684,b_wilson_684,Engineering
685,alex_p_685,IT support
686,elena_v_686,HR
687,amith_k_687,Sales
688,rkumar_688,Customer Success
689,amith_k_689,Unknown
691,jdoe,Engineering
693,alex_p_693,Engineering
694,m_lopez_694,IT support
695,d_jones_695,HR
696,a_hernandez_696,Customer Success
697,b_wilson_697,Customer Success
698,elena_v_698,Sales
699,k_davis_699,HR
700,jdoe_700,Unknown
701,t_turner_701,Unknown
702,elena_v_702,Marketing
703,c_brown_703,Legal
704,sarah.m_704,Legal
705,alex_p_705,Marketing
706,rkumar_706,Engineering
707,rkumar_707,Product
708,d_jones_708,IT support
709,jdoe_709,Unknown
710,l_garcia_710,Finance
711,josé.m_711,Product
712,c_brown_712,Customer Success
714,t_turner_714,Operations
715,rkumar_715,Marketing
716,k_davis_716,IT support
717,a_hernandez_717,Product
718,elena_v_718,IT support
720,l_garcia_720,Sales
722,j_martinez_722,IT support
723,alex_p_723,Operations
725,m_lopez_725,Product
726,j_martinez_726,Product
727,k_davis_727,Customer Success
728,m_lopez_728,Engineering
729,t_turner_729,Engineering
730,jdoe_730,Finance
731,amith_k_731,Legal
732,sarah.m_732,Customer Success
735,m_miller_735,Marketing
736,m_miller_736,Legal
737,c_brown_737,Legal
738,a_hernandez_738,Marketing
739,l_garcia_739,Sales
740,a_hernandez_740,Legal
741,rkumar_741,Engineering
742,t_turner_742,Customer Success
743,c_brown_743,Finance
744,l_garcia_744,Marketing
745,josé.m_745,Engineering
746,m_miller_746,Finance
747,josé.m_747,IT support
748,k_gonzalez_748,Engineering
749,amith_k_749,Legal
750,a_hernandez_750,Finance
751,amith_k_751,Customer Success
753,m_lopez_753,IT support
754,d_jones_754,Finance
755,b_wilson_755,Customer Success
756,t_turner_756,HR
757,m_lopez_757,Marketing
758,m_miller_758,Customer Success
759,l_garcia_759,Legal
760,d_jones_760,Legal
761,c_brown_761,Marketing
762,g_rodriguez_762,Finance
763,b_wilson_763,Product
764,sarah.m,Legal
765,a_hernandez_765,Engineering
766,elena_v_766,Operations
767,k_davis_767,Operations
768,elena_v_768,Engineering
769,k_gonzalez_769,IT support
770,sarah.m_770,Finance
771,m_lopez_771,Product
772,d_jones_772,HR
773,jdoe_773,Engineering
774,josé.m_774,IT support
775,elena_v_775,Legal
777,c_brown_777,Customer Success
778,t_turner_778,HR
779,g_rodriguez_779,Product
780,g_rodriguez_780,Operations
782,m_lopez_782,Finance
783,jdoe_783,Unknown
784,m_lopez_784,IT support
785,t_turner_785,Unknown
786,d_jones_786,Finance
787,rkumar_787,Product
788,d_jones_788,HR
789,g_rodriguez_789,Product
790,l_garcia_790,Marketing
791,a_hernandez_791,Product
792,a_hernandez_792,Engineering
793,sarah.m_793,Engineering
794,m_miller_794,Finance
795,b_wilson_795,Engineering
796,k_davis_796,Operations
797,k_gonzalez_797,Product
798,jdoe_798,Engineering
799,m_miller_799,Engineering
800,m_smith_800,Customer Success
801,jdoe_801,IT support
802,josé.m_802,Customer Success
803,elena_v_803,IT support
804,l_garcia_804,HR
805,sarah.m_805,Legal
806,rkumar_806,Finance
807,sarah.m_807,Engineering
808,c_brown_808,Legal
809,amith_k_809,Engineering
810,sarah.m_810,Unknown
811,m_miller_811,Operations
812,josé.m_812,Customer Success
814,sarah.m,IT support
815,amith_k_815,Sales
816,m_smith_816,Customer Success
817,amith_k_817,Marketing
819,m_lopez_819,Engineering
820,amith_k,Marketing
821,m_lopez_821,Legal
822,a_hernandez_822,Operations
823,b_wilson_823,Sales
824,l_garcia_824,Engineering
825,rkumar_825,Sales
826,k_gonzalez_826,IT support
827,d_jones_827,Engineering
828,k_davis_828,Product
829,a_hernandez_829,Legal
830,m_lopez_830,Legal
831,k_gonzalez_831,HR
832,sarah.m_832,HR
833,b_wilson_833,Legal
834,josé.m_834,Sales
835,t_turner_835,Product
836,m_smith_836,Sales
837,alex_p_837,Legal
838,a_hernandez_838,Customer Success
839,jdoe_839,Sales
840,sarah.m_840,IT support
841,d_jones_841,Legal
842,m_miller_842,Legal
843,a_hernandez_843,IT support
844,c_brown_844,Marketing
845,t_turner_845,HR
846,sarah.m_846,Marketing
847,m_miller_847,HR
848,sarah.m_848,Operations
849,rkumar_849,Product
850,elena_v_850,Product
851,t_turner_851,Engineering
852,d_jones_852,IT support
853,m_miller_853,IT support
854,d_jones_854,IT support
855,elena_v_855,IT support
856,c_brown_856,Operations
857,g_rodriguez_857,IT support
858,d_jones_858,HR
859,c_brown_859,Sales
860,elena_v_860,Engineering
861,k_davis_861,Finance
862,t_turner_862,Sales
863,m_miller_863,Marketing
864,rkumar_864,HR
865,m_miller_865,Legal
866,k_gonzalez_866,Product
867,a_hernandez_867,Customer Success
869,l_garcia_869,Customer Success
870,sarah.m_870,Sales
871,l_garcia_871,IT support
872,c_brown_872,Operations
873,m_miller_873,HR
874,rkumar_874,Customer Success
875,a_hernandez_875,Unknown
876,m_lopez_876,Finance
877,c_brown_877,Product
878,m_lopez_878,Operations
880,m_miller_880,Sales
881,b_wilson_881,Operations
882,k_davis_882,Finance
883,l_garcia_883,Product
884,k_davis_884,Operations
885,amith_k_885,Sales
886,d_jones_886,Sales
887,alex_p_887,Finance
888,a_hernandez_888,Marketing
889,m_miller_889,Product
890,c_brown_890,Marketing
891,m_miller_891,Legal
892,k_gonzalez_892,Finance
893,m_miller_893,Legal
894,elena_v_894,Finance
895,sarah.m_895,IT support
896,a_hernandez_896,Marketing
897,elena_v_897,Product
898,g_rodriguez_898,Customer Success
899,d_jones_899,IT support
900,josé.m_900,Operations
901,k_davis_901,IT support
902,t_turner_902,IT support
903,b_wilson_903,Operations
904,t_turner_904,Sales
905,b_wilson_905,Customer Success
906,k_gonzalez_906,Marketing
907,m_miller_907,Marketing
908,a_hernandez_908,Marketing
909,g_rodriguez_909,HR
910,d_jones_910,Product
911,l_garcia_911,Engineering
912,elena_v_912,Legal
913,j_martinez_913,IT support
914,m_miller_914,Product
915,sarah.m_915,IT support
916,rkumar_916,HR
917,rkumar_917,Customer Success
918,k_davis_918,IT support
919,g_rodriguez_919,Unknown
920,josé.m_920,IT support
921,a_hernandez_921,Operations
922,amith_k_922,Product
923,m_miller_923,Sales
924,rkumar_924,Unknown
925,amith_k_925,Product
926,sarah.m_926,Product
927,josé.m,Finance
928,m_lopez_928,Operations
930,b_wilson_930,Finance
931,amith_k_931,Customer Success
932,a_hernandez_932,Marketing
933,t_turner_933,HR
934,j_martinez_934,Sales
935,m_miller_935,Engineering
937,b_wilson_937,Unknown
938,d_jones_938,Finance
939,c_brown_939,Marketing
940,m_smith_940,Legal
941,sarah.m_941,Sales
942,m_smith_942,Operations
943,g_rodriguez_943,Operations
944,sarah.m_944,Product
945,l_garcia_945,Sales
946,c_brown_946,Legal
947,g_rodriguez_947,Operations
948,d_jones_948,IT support
949,renee·b,Engineering
950,k_davis_950,Engineering
951,alex_p_951,Product
952,m_miller_952,Finance
956,m_smith_956,Sales
957,alex_p_957,Engineering
958,t_turner_958,Finance
959,sarah.m_959,Sales
960,g_rodriguez_960,Sales
961,rkumar_961,Customer Success
962,jdoe_962,Engineering
963,josé.m_963,Legal
964,g_rodriguez_964,Sales
965,sarah.m_965,Sales
966,l_garcia_966,HR
967,b_wilson_967,Marketing
968,m_lopez_968,Engineering
969,alex_p_969,Product
970,elena_v_970,Marketing
973,josé.m_973,IT support
974,l_garcia_974,Unknown
975,d_jones_975,Engineering
976,sarah.m_976,Finance
977,k_gonzalez_977,IT support
978,jdoe_978,HR
979,k_gonzalez_979,Customer Success
980,c_brown_980,HR
981,rkumar_981,Product
982,rkumar_982,Product
983,sarah.m_983,Customer Success
985,b_wilson_985,IT support
986,a_hernandez_986,Marketing
987,sarah.m_987,IT support
988,m_smith_988,Finance
989,amith_k_989,Legal
990,j_martinez_990,Legal
991,c_brown_991,Sales
992,a_hernandez_992,IT support
993,sarah.m_993,HR
994,elena_v_994,Marketing
995,c_brown_995,IT support
996,sarah.m_996,HR
997,rkumar_997,Engineering
998,m_miller_998,Sales
999,k_gonzalez_999,Engineering
1000,alex_p_1000,Sales
1001,b_wilson_1001,Engineering
1002,l_garcia_1002,Customer Success
1003,m_smith_1003,Marketing
1004,m_smith_1004,Sales
1005,jdoe_1005,Legal
1006,sarah.m_1006,HR
1007,m_lopez_1007,Unknown
1008,g_rodriguez_1008,Product
1009,amith_k_1009,Product
1011,josé.m_1011,IT support
1012,josé.m_1012,Finance
1013,jdoe_1013,Unknown
1014,jdoe_1014,Finance
1015,l_garcia_1015,Legal
1017,m_miller_1017,Finance
1018,m_miller_1018,Operations
1019,sarah.m_1019,IT support
1020,j_martinez_1020,Engineering
1021,j_martinez_1021,Engineering
1022,sarah.m_1022,IT support
1023,t_turner_1023,Sales
1024,jdoe_1024,Operations
1025,m_lopez_1025,HR
1026,rkumar_1026,Unknown
1027,m_lopez_1027,Product
1029,a_hernandez_1029,Unknown
1030,rkumar_1030,Engineering
1031,jdoe_1031,Engineering
1032,jdoe_1032,Operations
1033,c_brown_1033,HR
1034,j_martinez_1034,Finance
1035,amith_k_1035,Marketing
1036,sarah.m_1036,Unknown
1037,rkumar_1037,Customer Success
1038,l_garcia_1038,Product
1039,sarah.m_1039,HR
1040,c_brown_1040,Sales
1041,amith_k_1041,Legal
1042,b_wilson_1042,Finance
1043,d_jones_1043,Legal
1044,d_jones_1044,Unknown
1045,m_smith_1045,Finance
1046,elena_v_1046,Marketing
1047,m_lopez_1047,Marketing
1048,k_davis_1048,Product
1049,josé.m_1049,Customer Success
1050,elena_v_1050,Product
1051,m_smith_1051,Sales
1052,t_turner_1052,IT support
1053,d_jones_1053,Marketing
1054,rkumar_1054,Operations
1055,amith_k_1055,HR
1056,alex_p_1056,Engineering
1057,k_davis_1057,Engineering
1058,b_wilson_1058,Sales
1059,rkumar_1059,Marketing
1060,c_brown_1060,Operations
1061,sarah.m_1061,IT support
1062,sarah.m_1062,Engineering
1065,d_jones_1065,Sales
1066,k_davis_1066,Engineering
1067,m_lopez_1067,Legal
1068,c_brown_1068,Engineering
1069,m_miller_1069,Marketing
1070,alex_p_1070,HR
1071,b_wilson_1071,Engineering
1072,k_gonzalez_1072,Finance
1073,g_rodriguez_1073,Legal
1075,c_brown_1075,Marketing
1076,j_martinez_1076,Finance
1077,a_hernandez_1077,Engineering
1079,g_rodriguez_1079,Operations
1081,alex_p_1081,Engineering
1082,rkumar_1082,Engineering
1084,g_rodriguez_1084,IT support
1086,rkumar_1086,HR
1087,amith_k_1087,Finance
1088,c_brown_1088,Operations
1089,alex_p_1089,Engineering
1090,l_garcia_1090,IT support
1091,l_garcia_1091,IT support
1092,m_lopez_1092,Finance
1093,chlöe.s,Customer Success
1094,g_rodriguez_1094,Engineering
1095,rkumar_1095,IT support
1096,j_martinez_1096,Product
1097,k_gonzalez_1097,Finance
1098,d_jones_1098,Operations
1099,b_wilson_1099,IT support
1100,b_wilson_1100,Unknown
1101,j_martinez_1101,Sales
1102,c_brown_1102,IT support
1103,t_turner_1103,Operations
1104,alex_p_1104,Legal
1105,g_rodriguez_1105,Marketing
1106,a_hernandez_1106,Unknown
1107,k_gonzalez_1107,Operations
1108,m_lopez_1108,Marketing
1109,t_turner_1109,Marketing
1110,jdoe_1110,IT support
1111,m_lopez_1111,Engineering
1112,d_jones_1112,IT support
1113,m_lopez_1113,Sales
1114,b_wilson_1114,Marketing
1115,d_jones_1115,Marketing
1116,sarah.m_1116,Operations
1117,m_smith_1117,Finance
1118,sarah.m_1118,Operations
1119,josé.m_1119,Engineering
1120,k_davis_1120,Legal
1121,m_miller_1121,IT support
1122,c_brown_1122,Sales
1123,m_lopez_1123,Marketing
1124,amith_k_1124,HR
1125,m_smith_1125,Sales
1126,alex_p_1126,Legal
1127,sarah.m_1127,Customer Success
1128,sarah.m_1128,Marketing
1129,m_miller_1129,Unknown
1130,alex_p_1130,IT support
1131,d_jones_1131,Finance
1132,m_miller_1132,Marketing
1133,josé.m_1133,Engineering
1134,a_hernandez_1134,Product
1135,l_garcia_1135,Engineering
1136,t_turner_1136,IT support
1137,josé.m_1137,Engineering
1138,t_turner_1138,Sales
1139,josé.m_1139,HR
1140,g_rodriguez_1140,HR
1141,a_hernandez_1141,Legal
1142,c_brown_1142,Operations
1143,amith_k_1143,HR
1144,m_smith_1144,Finance
1145,jean-luc,Engineering
1146,josé.m_1146,Sales
1147,a_hernandez_1147,Legal
1148,m_lopez_1148,Engineering
1149,c_brown_1149,Customer Success
1150,a_hernandez_1150,Product
1151,rkumar_1151,Product
1152,c_brown_1152,Engineering
1153,j_martinez_1153,IT support
1154,k_gonzalez_1154,Marketing
1155,k_davis_1155,Marketing
1156,alex_p_1156,Engineering
1157,m_miller_1157,Sales
1159,b_wilson_1159,IT support
1160,sarah.m_1160,Sales
1161,c_brown_1161,Customer Success
1162,m_smith_1162,Customer Success
1163,jdoe_1163,IT support
1164,m_miller_1164,Sales
1165,b_wilson_1165,IT support
1166,josé.m_1166,Sales
1167,josé.m_1167,HR
1169,g_rodriguez_1169,IT support
1170,amith_k_1170,Marketing
1171,b_wilson_1171,IT support
1172,c_brown_1172,Engineering
1173,d_jones_1173,Finance
1174,g_rodriguez_1174,HR
1176,t_turner_1176,HR
1178,k_davis_1178,Operations
1179,m_miller_1179,IT support
1180,elena_v_1180,Product
1181,m_miller_1181,Product
1182,l_garcia_1182,Customer Success
1183,sarah.m_1183,Customer Success
1184,j_martinez_1184,IT support
1185,elena_v_1185,Finance
1186,müller_a,Engineering
1187,l_garcia_1187,Finance
1188,k_davis_1188,Customer Success
1189,josé.m_1189,Engineering
1190,g_rodriguez_1190,IT support
1191,g_rodriguez_1191,IT support
1192,l_garcia_1192,Marketing
1194,c_brown_1194,Engineering
1195,m_lopez_1195,Finance
1197,m_miller_1197,Customer Success
1198,jdoe_1198,Product
1199,sarah.m,Marketing
1200,jdoe_1200,Finance
1201,t_turner_1201,HR
1202,c_brown_1202,Operations
1203,elena_v_1203,Product
1204,j_martinez_1204,IT support
1205,josé.m_1205,Engineering
1206,l_garcia_1206,Customer Success
1207,k_gonzalez_1207,HR
1208,josé.m_1208,Product
1209,m_smith_1209,Operations
1211,j_martinez_1211,Finance
1213,b_wilson_1213,Engineering
1214,t_turner_1214,HR
1216,m_lopez_1216,Unknown
1217,m_lopez_1217,Unknown
1218,d_jones_1218,Customer Success
1219,g_rodriguez_1219,Operations
1220,alex_p_1220,Customer Success
1221,josé.m_1221,Product
1222,m_smith_1222,Customer Success
1223,alex_p_1223,Sales
1224,rkumar_1224,HR
1225,d_jones_1225,Operations
1226,t_turner_1226,Product
1227,chlöe.s,Engineering
1229,sarah.m_1229,IT support
1230,c_brown_1230,Customer Success
1231,amith_k_1231,Marketing
1232,elena_v_1232,Operations
1233,m_lopez_1233,Product
1234,alex_p_1234,Sales
1235,alex_p_1235,Operations
1236,jdoe_1236,Product
1237,alex_p_1237,IT support
1238,g_rodriguez_1238,Marketing
1239,m_miller_1239,Legal
1240,g_rodriguez_1240,Legal
1241,a_hernandez_1241,Finance
1242,jdoe_1242,Unknown
1244,jdoe_1244,Finance
1245,l_garcia_1245,HR
1246,c_brown_1246,Customer Success
1247,alex_p_1247,Sales
1248,t_turner_1248,Product
1249,k_gonzalez_1249,Unknown
1250,m_miller_1250,Marketing
1251,g_rodriguez_1251,Operations
1252,alex_p_1252,Engineering
1253,b_wilson_1253,Finance
1254,m_lopez_1254,Unknown
1255,josé.m_1255,Operations
1256,amith_k_1256,Unknown
1257,m_smith_1257,Customer Success
1258,k_gonzalez_1258,Engineering
1259,jdoe_1259,Engineering
1260,m_miller_1260,Product
1261,a_hernandez_1261,HR
1262,b_wilson_1262,Finance
1263,jdoe_1263,HR
1264,josé.m_1264,Customer Success
1265,k_gonzalez_1265,Marketing
1266,josé.m_1266,Customer Success
1267,josé.m_1267,Unknown
1268,josé.m_1268,Product
1269,elena_v_1269,HR
1271,t_turner_1271,Unknown
1272,a_hernandez_1272,Product
1274,jdoe_1274,Engineering
1275,josé.m_1275,IT support
1276,b_wilson_1276,Sales
1277,sarah.m_1277,HR
1278,k_davis_1278,HR
1279,amith_k_1279,Sales
1280,amith_k_1280,Operations
1281,d_jones_1281,Sales
1282,amith_k_1282,Engineering
1284,k_davis_1284,IT support
1285,sarah.m_1285,Operations
1286,alex_p_1286,Legal
1287,k_davis_1287,HR
1288,chlöe.s,Legal
1289,alex_p_1289,Sales
1290,amith_k_1290,Marketing
1291,m_lopez_1291,Product
1292,k_davis_1292,IT support
1293,l_garcia_1293,IT support
1294,b_wilson_1294,Product
1296,sarah.m_1296,HR
1297,jdoe_1297,Customer Success
1298,m_lopez_1298,Operations
1299,k_gonzalez_1299,Sales
1300,rkumar_1300,Product
1301,c_brown_1301,Marketing
1303,alex_p_1303,Customer Success
1304,chlöe.s,Marketing
1305,g_rodriguez_1305,Operations
1306,m_smith_1306,Engineering
1307,a_hernandez_1307,Legal
1308,rkumar_1308,Sales
1309,m_lopez_1309,Product
1310,g_rodriguez_1310,Product
1311,g_rodriguez_1311,Engineering
1312,m_miller_1312,Engineering
1313,jdoe_1313,Sales
1314,k_gonzalez_1314,Customer Success
1315,k_davis_1315,Operations
1316,amith_k_1316,Finance
1318,k_gonzalez_1318,Operations
1319,josé.m_1319,Unknown
1320,rkumar_1320,Engineering
1321,t_turner_1321,Customer Success
1322,josé.m_1322,Engineering
1324,m_miller_1324,HR
1325,elena_v_1325,Sales
1326,c_brown_1326,Engineering
1327,elena_v_1327,Sales
1328,amith_k_1328,Product
1329,m_lopez_1329,Customer Success
1330,g_rodriguez_1330,Engineering
1331,amith_k_1331,Customer Success
1332,m_lopez_1332,IT support
1333,alex_p_1333,Marketing
1334,k_gonzalez_1334,IT support
1336,k_gonzalez_1336,Finance
1337,d_jones_1337,HR
1338,b_wilson_1338,Marketing
1339,j_martinez_1339,HR
1340,jean-luc,Operations
1341,a_hernandez_1341,Unknown
1342,elena_v_1342,Finance
1343,t_turner_1343,Operations
1345,d_jones_1345,Sales
1346,a_hernandez_1346,IT support
1347,m_miller_1347,Customer Success
1348,m_miller_1348,Engineering
1349,jdoe_1349,Legal
1350,amith_k_1350,Finance
1351,alex_p_1351,HR
1352,b_wilson_1352,Engineering
1353,t_turner_1353,Finance
1354,amith_k_1354,Product
1355,a_hernandez_1355,Finance
1356,a_hernandez_1356,Unknown
1357,j_martinez_1357,HR
1358,amith_k_1358,Legal
1359,d_jones_1359,Customer Success
1360,m_smith_1360,Finance
1361,k_davis_1361,Finance
1363,a_hernandez_1363,Finance
1364,alex_p_1364,Sales
1365,alex_p_1365,Customer Success
1366,amith_k_1366,Legal
1367,m_smith_1367,Marketing
1368,m_smith_1368,Engineering
1369,b_wilson_1369,Engineering
1370,d_jones_1370,IT support
1371,k_gonzalez_1371,HR
1372,m_lopez_1372,Customer Success
1373,d_jones_1373,Customer Success
1374,alex_p_1374,Customer Success
1375,j_martinez_1375,Marketing
1376,a_hernandez_1376,Legal
1377,rkumar_1377,Finance
1378,d_jones_1378,Operations
1379,k_gonzalez_1379,Customer Success
1380,a_hernandez_1380,Engineering
1381,l_garcia_1381,Product
1382,k_gonzalez_1382,IT support
1383,amith_k_1383,Operations
1384,josé.m_1384,Legal
1385,t_turner_1385,Engineering
1386,amith_k,Customer Success
1387,k_davis_1387,Engineering
1388,elena_v_1388,Operations
1389,josé.m_1389,Marketing
1390,a_hernandez_1390,HR
1391,elena_v_1391,Legal
1392,müller_a,Customer Success
1393,m_miller_1393,Marketing
1394,d_jones_1394,Engineering
1395,amith_k_1395,Marketing
1396,a_hernandez_1396,IT support
1397,m_smith_1397,Legal
1398,c_brown_1398,Legal
1399,c_brown_1399,Sales
1400,k_gonzalez_1400,Sales
1401,m_lopez_1401,Sales
1402,j_martinez_1402,Sales
1403,t_turner_1403,IT support
1404,k_davis_1404,Legal
1405,jdoe_1405,Product
1406,rkumar_1406,Marketing
1407,a_hernandez_1407,Unknown
1408,b_wilson_1408,HR
1409,l_garcia_1409,Engineering
1410,a_hernandez_1410,Marketing
1411,jdoe_1411,IT support
1412,a_hernandez_1412,Customer Success
1413,t_turner_1413,Engineering
1414,j_martinez_1414,Marketing
1415,rkumar_1415,IT support
1417,m_lopez_1417,Engineering
1418,jean-luc,Product
1419,sarah.m_1419,HR
1420,m_smith_1420,Sales
1421,m_lopez_1421,Product
1422,l_garcia_1422,Engineering
1423,k_gonzalez_1423,Sales
1424,amith_k,Product
1425,k_gonzalez_1425,HR
1426,b_wilson_1426,IT support
1427,d_jones_1427,Legal
1428,d_jones_1428,Finance
1429,m_miller_1429,Operations
1430,d_jones_1430,Product
1431,l_garcia_1431,HR
1432,josé.m_1432,Marketing
1433,sarah.m_1433,HR
1435,sarah.m_1435,Sales
1437,m_lopez_1437,IT support
1438,amith_k_1438,Customer Success
1439,a_hernandez_1439,Product
1440,b_wilson_1440,Operations
1441,m_lopez_1441,HR
1442,j_martinez_1442,Customer Success
1443,l_garcia_1443,Customer Success
1444,rkumar_1444,IT support
1445,j_martinez_1445,Marketing
1446,alex_p_1446,IT support
1447,b_wilson_1447,IT support
1448,g_rodriguez_1448,Finance
1449,l_garcia_1449,Finance
1450,elena_v_1450,Customer Success
1452,k_davis_1452,Engineering
1453,d_jones_1453,Sales
1454,j_martinez_1454,Unknown
1455,m_smith_1455,HR
1456,m_lopez_1456,Marketing
1457,c_brown_1457,Operations
1458,sarah.m_1458,Customer Success
1459,rkumar_1459,Customer Success
1460,l_garcia_1460,Product
1461,k_gonzalez_1461,Customer Success
1463,j_martinez_1463,HR
1464,alex_p_1464,Marketing
1465,josé.m_1465,Finance
1466,d_jones_1466,Sales
1467,g_rodriguez_1467,Product
1468,alex_p_1468,Legal
1469,amith_k_1469,Marketing
1470,alex_p_1470,Marketing
1471,amith_k_1471,IT support
1472,alex_p_1472,HR
1474,m_lopez_1474,Engineering
1476,k_gonzalez_1476,Product
1479,alex_p_1479,Marketing
1480,d_jones_1480,Unknown
1482,c_brown_1482,Legal
1483,jdoe_1483,Finance
1484,j_martinez_1484,Legal
1485,k_gonzalez_1485,Marketing
1486,k_gonzalez_1486,IT support
1487,a_hernandez_1487,Customer Success
1488,sarah.m_1488,Marketing
1491,l_garcia_1491,Engineering
1492,m_miller_1492,Finance
1493,g_rodriguez_1493,IT support
1494,m_lopez_1494,Sales
1495,m_smith_1495,Product
1496,sarah.m_1496,IT support
1497,chlöe.s,HR
1498,jdoe_1498,IT support
1499,j_martinez_1499,Engineering
1500,elena_v_1500,Operations
1501,josé.m_1501,Marketing
1502,m_lopez_1502,HR
1503,a_hernandez_1503,Legal
1504,k_gonzalez_1504,HR
1506,m_miller_1506,Marketing
1507,a_hernandez_1507,Product
1508,t_turner_1508,IT support
1509,c_brown_1509,Marketing
1511,alex_p_1511,Sales
1512,c_brown_1512,Operations
1513,k_gonzalez_1513,Marketing
1514,jdoe_1514,Sales
1515,g_rodriguez_1515,Sales
1516,rkumar_1516,Operations
1517,amith_k_1517,Legal
1518,c_brown_1518,Marketing
1519,alex_p_1519,IT support
1520,j_martinez_1520,HR
1521,k_gonzalez_1521,Customer Success
1522,rkumar_1522,IT support
1523,amith_k_1523,Operations
1524,jdoe_1524,Marketing
1525,m_smith_1525,Legal
1526,c_brown_1526,Legal
1527,j_martinez_1527,Engineering
1528,sarah.m_1528,Unknown
1530,a_hernandez_1530,Unknown
1532,m_smith_1532,Engineering
1533,k_davis_1533,IT support
1534,alex_p_1534,Legal
1535,a_hernandez_1535,Sales
1536,d_jones_1536,Sales
1537,m_smith_1537,Product
1538,m_lopez_1538,IT support
1539,k_davis_1539,IT support
1541,c_brown_1541,Finance
1542,rkumar_1542,Operations
1543,l_garcia_1543,Customer Success
1544,m_smith_1544,Finance
1545,c_brown_1545,Operations
1546,alex_p_1546,Product
1547,elena_v_1547,IT support
1548,elena_v_1548,Product
1549,rkumar_1549,Unknown
1550,m_smith_1550,Unknown
1551,elena_v_1551,Finance
1553,josé.m_1553,Product
1554,a_hernandez_1554,Engineering
1555,renee·b,IT support
1556,m_lopez_1556,HR
1557,j_martinez_1557,HR
1558,m_lopez_1558,Marketing
1559,m_miller_1559,Product
1560,amith_k_1560,Marketing
1561,müller_a,Product
1562,j_martinez_1562,IT support
1563,jdoe_1563,Finance
1564,josé.m_1564,Operations
1565,m_smith_1565,Marketing
1566,rkumar_1566,HR
1567,k_gonzalez_1567,Operations
1568,g_rodriguez_1568,Legal
1569,l_garcia_1569,Operations
1570,renee·b,Product
1571,b_wilson_1571,IT support
1572,josé.m_1572,HR
1573,a_hernandez_1573,Legal
1574,b_wilson_1574,Product
1575,alex_p_1575,Product
1576,j_martinez_1576,Customer Success
1577,g_rodriguez_1577,Unknown
1578,a_hernandez_1578,IT support
1579,josé.m_1579,Marketing
1580,m_smith_1580,Product
1581,josé.m,Product
1582,m_smith_1582,Unknown
1583,a_hernandez_1583,Customer Success
1584,m_smith_1584,Marketing
1585,l_garcia_1585,IT support
1586,m_lopez_1586,Customer Success
1587,t_turner_1587,Operations
1588,j_martinez_1588,Product
1589,k_davis_1589,Legal
1590,k_davis_1590,Marketing
1592,m_lopez_1592,Legal
1594,rkumar_1594,Operations
1595,t_turner_1595,HR
1596,c_brown_1596,HR
1598,k_davis_1598,Legal
1599,jdoe_1599,Marketing
1600,m_smith_1600,Unknown
1601,sarah.m_1601,Engineering
1602,josé.m_1602,Sales
1603,g_rodriguez_1603,HR
1604,j_martinez_1604,Sales
1605,b_wilson_1605,Sales
1606,c_brown_1606,HR
1607,t_turner_1607,Product
1608,b_wilson_1608,Customer Success
1609,josé.m,Engineering
1610,d_jones_1610,Product
1611,a_hernandez_1611,HR
1612,b_wilson_1612,Customer Success
1613,k_gonzalez_1613,Product
1614,m_lopez_1614,Legal
1615,a_hernandez_1615,HR
1617,sarah.m_1617,Product
1618,m_miller_1618,HR
1619,jdoe_1619,Engineering
1620,b_wilson_1620,Operations
1621,a_hernandez_1621,Engineering
1622,g_rodriguez_1622,Product
1623,m_miller_1623,HR
1624,jdoe_1624,Customer Success
1625,m_miller_1625,Customer Success
1626,rkumar_1626,Marketing
1627,c_brown_1627,Unknown
1628,rkumar_1628,Sales
1629,rkumar_1629,Customer Success
1630,k_gonzalez_1630,HR
1631,a_hernandez_1631,HR
1632,sarah.m_1632,Marketing
1633,josé.m_1633,Product
1634,m_smith_1634,IT support
1635,d_jones_1635,Engineering
1636,a_hernandez_1636,Engineering
1637,josé.m_1637,HR
1638,k_davis_1638,Engineering
1639,b_wilson_1639,Engineering
1640,d_jones_1640,Legal
1641,g_rodriguez_1641,Operations
1642,amith_k_1642,Operations
1643,b_wilson_1643,Engineering
1644,c_brown_1644,Sales
1645,alex_p_1645,Finance
1647,josé.m_1647,Legal
1648,k_davis_1648,Engineering
1649,josé.m_1649,Customer Success
1650,elena_v_1650,Product
1651,t_turner_1651,Operations
1652,amith_k_1652,Customer Success
1653,m_smith_1653,Product
1654,elena_v_1654,Operations
1656,rkumar_1656,IT support
1657,m_smith_1657,IT support
1658,rkumar_1658,Engineering
1659,m_lopez_1659,IT support
1660,sarah.m_1660,Finance
1661,sarah.m_1661,IT support
1662,amith_k_1662,Engineering
1663,b_wilson_1663,Customer Success
1664,b_wilson_1664,Finance
1665,a_hernandez_1665,Operations
1666,k_davis_1666,Engineering
1667,l_garcia_1667,Marketing
1668,amith_k_1668,Product
1669,a_hernandez_1669,Unknown
1670,g_rodriguez_1670,Finance
1671,a_hernandez_1671,Operations
1672,k_davis_1672,HR
1673,jean-luc,Customer Success
1674,j_martinez_1674,Marketing
1675,m_smith_1675,Customer Success
1676,jdoe_1676,Customer Success
1677,alex_p_1677,Engineering
1678,l_garcia_1678,IT support
1679,sarah.m_1679,Customer Success
1680,elena_v_1680,Customer Success
1681,t_turner_1681,Operations
1682,d_jones_1682,Sales
1683,sarah.m_1683,Engineering
1686,josé.m_1686,Engineering
1687,c_brown_1687,Product
1688,m_lopez_1688,HR
1689,rkumar_1689,IT support
1690,jdoe_1690,Unknown
1691,elena_v_1691,IT support
1692,amith_k_1692,Operations
1693,m_miller_1693,Operations
1694,amith_k_1694,Customer Success
1695,sarah.m_1695,HR
1696,elena_v_1696,Customer Success
1697,rkumar_1697,Customer Success
1698,elena_v_1698,Customer Success
1699,m_lopez_1699,Marketing
1700,a_hernandez_1700,Legal
1701,m_lopez_1701,Unknown
1702,k_davis_1702,Legal
1704,j_martinez_1704,Operations
1705,a_hernandez_1705,IT support
1706,l_garcia_1706,Operations
1707,d_jones_1707,Operations
1708,m_miller_1708,Operations
1709,m_lopez_1709,Customer Success
1710,a_hernandez_1710,HR
1711,k_davis_1711,Product
1712,jdoe_1712,HR
1713,j_martinez_1713,Marketing
1715,rkumar_1715,Finance
1716,josé.m,HR
1718,m_lopez_1718,Marketing
1719,k_davis_1719,Operations
1720,m_smith_1720,Operations
1722,t_turner_1722,Sales
1723,m_lopez_1723,Finance
1724,d_jones_1724,Unknown
1725,alex_p_1725,IT support
1726,josé.m_1726,Engineering
1727,m_lopez_1727,Unknown
1728,amith_k_1728,Operations
1729,m_miller_1729,Legal
1730,josé.m_1730,Engineering
1732,j_martinez_1732,Engineering
1733,m_lopez_1733,Marketing
1734,rkumar_1734,Marketing
1735,c_brown_1735,Product
1736,m_lopez_1736,Finance
1737,c_brown_1737,Marketing
1738,sarah.m_1738,Product
1739,amith_k_1739,Customer Success
1740,sarah.m_1740,Legal
1741,b_wilson_1741,Marketing
1742,elena_v_1742,Product
1743,m_lopez_1743,Finance
1744,j_martinez_1744,Finance
1745,m_smith_1745,Legal
1746,m_lopez_1746,Sales
1747,m_miller_1747,Legal
1748,elena_v_1748,Operations
1749,jdoe_1749,HR
1750,l_garcia_1750,IT support
1751,k_davis_1751,Product
1752,rkumar_1752,Finance
1753,b_wilson_1753,Sales
1754,amith_k_1754,Finance
1755,b_wilson_1755,Marketing
1756,josé.m_1756,HR
1757,jdoe_1757,Operations
1758,a_hernandez_1758,Finance
1759,j_martinez_1759,HR
1760,k_gonzalez_1760,Marketing
1761,jdoe_1761,Legal
1762,j_martinez_1762,Engineering
1763,amith_k_1763,HR
1764,k_gonzalez_1764,HR
1765,jdoe_1765,Sales
1766,m_smith_1766,Operations
1769,j_martinez_1769,HR
1770,k_gonzalez_1770,Customer Success
1771,elena_v_1771,Customer Success
1772,a_hernandez_1772,HR
1773,j_martinez_1773,HR
1774,c_brown_1774,Marketing
1775,l_garcia_1775,Operations
1776,rkumar_1776,Customer Success
1777,amith_k_1777,HR
1779,rkumar_1779,Engineering
1781,c_brown_1781,Customer Success
1782,k_gonzalez_1782,Engineering
1783,b_wilson_1783,Legal
1784,k_gonzalez_1784,Marketing
1785,elena_v_1785,Marketing
1786,elena_v_1786,Marketing
1787,j_martinez_1787,Marketing
1788,b_wilson_1788,IT support
1790,josé.m_1790,Marketing
1791,b_wilson_1791,Engineering
1792,m_miller_1792,HR
1793,m_smith_1793,Marketing
1794,josé.m_1794,Marketing
1795,k_gonzalez_1795,IT support
1796,m_lopez_1796,IT support
1797,rkumar_1797,Finance
1798,l_garcia_1798,Sales
1799,g_rodriguez_1799,Marketing
1800,k_gonzalez_1800,Product
1801,l_garcia_1801,Unknown
1802,c_brown_1802,Product
1803,alex_p_1803,Finance
1804,m_miller_1804,Engineering
1805,amith_k,Finance
1806,elena_v_1806,Unknown
1807,sarah.m_1807,Product
1808,chlöe.s,Operations
1810,amith_k_1810,IT support
1811,c_brown_1811,Unknown
1812,c_brown_1812,Unknown
1813,m_lopez_1813,IT support
1814,amith_k_1814,Customer Success
1815,k_davis_1815,Engineering
1817,amith_k_1817,Customer Success
1818,amith_k_1818,Finance
1819,c_brown_1819,HR
1820,t_turner_1820,Marketing
1821,k_gonzalez_1821,Engineering
1822,b_wilson_1822,Product
1823,k_davis_1823,Customer Success
1824,m_lopez_1824,Customer Success
1825,m_miller_1825,Operations
1826,alex_p_1826,Product
1827,elena_v_1827,Product
1828,d_jones_1828,Marketing
1829,josé.m_1829,Unknown
1830,k_davis_1830,Operations
1831,c_brown_1831,Customer Success
1832,alex_p_1832,Legal
1833,amith_k_1833,Marketing
1835,b_wilson_1835,Marketing
1836,amith_k_1836,HR
1837,k_davis_1837,HR
1838,josé.m_1838,Marketing
1839,jdoe_1839,Marketing
1840,g_rodriguez_1840,Customer Success
1841,k_gonzalez_1841,Finance
1842,g_rodriguez_1842,Product
1843,sarah.m_1843,IT support
1844,rkumar_1844,Customer Success
1845,a_hernandez_1845,Finance
1846,b_wilson_1846,Engineering
1847,amith_k_1847,Marketing
1849,sarah.m_1849,Engineering
1850,alex_p_1850,Marketing
1851,k_gonzalez_1851,IT support
1852,a_hernandez_1852,Marketing
1853,m_lopez_1853,Marketing
1854,t_turner_1854,Operations
1855,c_brown_1855,Sales
1856,a_hernandez_1856,HR
1857,josé.m_1857,HR
1858,m_miller_1858,Customer Success
1859,elena_v_1859,IT support
1860,m_lopez_1860,Customer Success
1862,k_gonzalez_1862,Unknown
1863,t_turner_1863,IT support
1865,k_gonzalez_1865,Operations
1867,g_rodriguez_1867,Product
1868,k_gonzalez_1868,HR
1869,jdoe_1869,HR
1870,josé.m_1870,Finance
1871,m_miller_1871,Engineering
1872,a_hernandez_1872,Finance
1873,elena_v_1873,HR
1874,sarah.m_1874,HR
1875,a_hernandez_1875,Operations
1876,josé.m_1876,Operations
1877,m_lopez_1877,IT support
1878,alex_p_1878,Engineering
1880,b_wilson_1880,Marketing
1881,a_hernandez_1881,Operations
1882,m_miller_1882,Engineering
1884,d_jones_1884,Unknown
1885,jdoe_1885,Finance
1886,d_jones_1886,Operations
1887,b_wilson_1887,HR
1889,alex_p_1889,IT support
1890,alex_p_1890,IT support
1891,t_turner_1891,Operations
1892,m_smith_1892,Unknown
1893,g_rodriguez_1893,Finance
1894,t_turner_1894,Finance
1895,alex_p_1895,Sales
1896,amith_k_1896,Finance
1898,g_rodriguez_1898,Customer Success
1899,d_jones_1899,Product
1900,j_martinez_1900,Unknown
1901,d_jones_1901,Marketing
1902,josé.m_1902,Finance
1903,k_davis_1903,Unknown
1904,j_martinez_1904,Sales
1905,amith_k_1905,IT support
1907,jdoe,Customer Success
1908,t_turner_1908,IT support
1909,elena_v_1909,Finance
1910,m_smith_1910,Customer Success
1911,k_davis_1911,Sales
1912,alex_p_1912,HR
1913,k_gonzalez_1913,Customer Success
1914,elena_v_1914,Customer Success
1915,d_jones_1915,HR
1916,t_turner_1916,IT support
1917,sarah.m_1917,HR
1918,d_jones_1918,Customer Success
1919,b_wilson_1919,Engineering
1920,amith_k_1920,Sales
1921,sarah.m_1921,Legal
1922,k_gonzalez_1922,IT support
1923,k_davis_1923,IT support
1924,d_jones_1924,Finance
1925,a_hernandez_1925,Unknown
1926,k_davis_1926,IT support
1927,k_davis_1927,Sales
1928,k_davis_1928,Product
1929,rkumar_1929,Marketing
1932,d_jones_1932,Operations
1933,jdoe_1933,Sales
1934,l_garcia_1934,Product
1935,alex_p_1935,HR
1936,k_gonzalez_1936,Customer Success
1937,josé.m_1937,Operations
1938,sarah.m_1938,HR
1939,c_brown_1939,IT support
1940,k_gonzalez_1940,Finance
1941,g_rodriguez_1941,Legal
1942,elena_v_1942,IT support
1943,m_miller_1943,IT support
1944,a_hernandez_1944,Marketing
1945,sarah.m_1945,IT support
1947,d_jones_1947,Customer Success
1948,k_davis_1948,Marketing
1949,c_brown_1949,Sales
1950,k_gonzalez_1950,Legal
1951,amith_k_1951,Sales
1952,b_wilson_1952,IT support
1954,b_wilson_1954,Customer Success
1955,k_gonzalez_1955,IT support
1956,elena_v_1956,Operations
1957,t_turner_1957,Legal
1958,l_garcia_1958,Unknown
1960,j_martinez_1960,Legal
1962,a_hernandez_1962,Engineering
1963,a_hernandez_1963,Operations
1964,t_turner_1964,Engineering
1965,m_lopez_1965,Legal
1966,c_brown_1966,Legal
1967,a_hernandez_1967,Finance
1968,g_rodriguez_1968,Marketing
1969,c_brown_1969,Operations
1970,müller_a,HR
1972,sarah.m_1972,Engineering
1973,g_rodriguez_1973,Legal
1974,b_wilson_1974,HR
1975,m_miller_1975,Product
1977,k_gonzalez_1977,Engineering
1978,a_hernandez_1978,Product
1979,rkumar_1979,Marketing
1980,jdoe_1980,IT support
1981,rkumar_1981,Customer Success
1982,a_hernandez_1982,IT support
1983,amith_k_1983,IT support
1984,l_garcia_1984,Sales
1985,sarah.m_1985,Marketing
1986,j_martinez_1986,Unknown
1988,sarah.m_1988,Customer Success
1990,sarah.m_1990,Customer Success
1991,t_turner_1991,Operations
1992,jdoe_1992,Product
1993,g_rodriguez_1993,IT support
1994,m_miller_1994,Unknown
1995,t_turner_1995,HR
1996,k_gonzalez_1996,HR
1997,m_lopez_1997,Unknown
1998,g_rodriguez_1998,IT support
1999,amith_k_1999,HR
2000,k_gonzalez_2000,HR
